{
  "years": [
    2022,
    2021,
    2020,
    2019,
    2018
  ],
  "totalRecords": 7155,
  "totalMontant": 2090939194.7500048,
  "coverage": {
    "withArrondissement": 2101,
    "withCoords": 323,
    "montantLocalise": 517049000.85000026,
    "pourcentageLocalise": 24.7
  }
}